system_size	frequency
2	95000.000000
3	47500.000000
4	23750.000000
5	15833.333333
6	10555.555556
7	7600.000000
8	6129.032258
9	4871.794872
10	3958.333333
11	3333.333333
12	2835.820896
