system_size	frequency
2	190000.000000
3	190000.000000
4	95000.000000
5	47500.000000
6	38000.000000
7	27142.857143
8	19000.000000
9	13571.428571
10	10555.555556
11	8260.869565
12	6551.724138
